{
  "schemaVersion": 1,
  "id": "ctpmod",
  "version": "${version}",
  "name": "CatTeleport Mod",
  "description": "This mod allows you to rejoin any server in set period of time.",
  "authors": [
    "Just_S"
  ],
  "contact": {
  },

  "license": "MIT",
  "icon": "assets/ctpmod/icon.png",

  "environment": "client",
  "entrypoints": {
    "client": [
      "net.just_s.ctpmod.CTPMod"
    ],
    "modmenu": [
      "net.just_s.ctpmod.config.ModMenuIntegration"
    ]
  },
  "mixins": [
    "ctpmod.mixins.json"
  ],

  "depends": {
    "fabricloader": ">=0.11.3",
    "fabric": "*",
    "minecraft": "1.19.x",
    "java": ">=17"
  },
  "suggests": {
    "another-mod": "*"
  }
}
